"","workerid","noun","nounclass","predicateposition","predicate","correctresponse","correctclass"
"1","vi. 10","couch","furniture","predicate1","short",0.23,"size"
"2","vi. 10","banana","food","predicate1","fresh",0.89,"age"
"3","vi. 10","chair","furniture","predicate1","red",0.0600000000000001,"color"
"4","vi. 10","tomato","food","predicate1","wooden",0.97,"material"
"5","vi. 10","banana","food","predicate1","wooden",0.97,"material"
"6","vi. 10","cheese","food","predicate1","short",0.01,"size"
"7","vi. 10","chair","furniture","predicate1","soft",1,"texture"
"8","vi. 10","cheese","food","predicate1","soft",0.02,"texture"
"9","vi. 10","chair","furniture","predicate1","new",0.93,"age"
"10","vi. 10","TV","furniture","predicate1","purple",0.15,"color"
"11","vi. 10","apple","food","predicate1","yellow",0.5,"color"
"12","vi. 10","tomato","food","predicate1","hard",0.89,"texture"
"13","vi. 10","chair","furniture","predicate1","square",0.08,"shape"
"14","vi. 10","carrot","food","predicate1","fresh",0.05,"age"
"15","vi. 10","banana","food","predicate1","metal",0.92,"material"
"16","vi. 10","tomato","food","predicate1","big",0.07,"size"
"17","vi. 10","banana","food","predicate1","brown",0.92,"color"
"18","vi. 10","tomato","food","predicate1","rotten",0.55,"age"
"19","vi. 10","carrot","food","predicate1","round",0.96,"shape"
"20","vi. 10","fan","furniture","predicate1","red",0.11,"color"
"21","vi. 10","TV","furniture","predicate1","square",0.94,"shape"
"22","vi. 10","fan","furniture","predicate1","huge",0.88,"size"
"23","vi. 10","desk","furniture","predicate1","good",0.92,"quality"
"24","vi. 10","desk","furniture","predicate1","brown",0.04,"color"
"25","vi. 10","cheese","food","predicate1","bad",0.93,"quality"
"26","vi. 10","chair","furniture","predicate1","old",0.05,"age"
"27","vi. 14","desk","furniture","predicate1","hard",0.83,"texture"
"28","vi. 14","chair","furniture","predicate1","short",0.78,"size"
"29","vi. 14","chair","furniture","predicate1","new",0.81,"age"
"30","vi. 14","couch","furniture","predicate1","huge",0.17,"size"
"31","vi. 14","tomato","food","predicate1","long",0.16,"size"
"32","vi. 14","couch","furniture","predicate1","square",0.22,"shape"
"33","vi. 14","cheese","food","predicate1","green",0.28,"color"
"34","vi. 14","desk","furniture","predicate1","wooden",0.2,"material"
"35","vi. 14","fan","furniture","predicate1","round",0.28,"shape"
"36","vi. 14","banana","food","predicate1","purple",0.32,"color"
"37","vi. 14","fan","furniture","predicate1","long",0.25,"size"
"38","vi. 14","banana","food","predicate1","soft",0.85,"texture"
"39","vi. 14","chair","furniture","predicate1","plastic",0.77,"material"
"40","vi. 14","carrot","food","predicate1","big",0.43,"size"
"41","vi. 14","carrot","food","predicate1","bad",0.74,"quality"
"42","vi. 14","desk","furniture","predicate1","square",0.14,"shape"
"43","vi. 14","apple","food","predicate1","big",0.22,"size"
"44","vi. 14","chair","furniture","predicate1","old",0.77,"age"
"45","vi. 14","desk","furniture","predicate1","old",0.87,"age"
"46","vi. 14","cheese","food","predicate1","old",0.86,"age"
"47","vi. 14","desk","furniture","predicate1","hard",0.22,"texture"
"48","vi. 14","couch","furniture","predicate1","hard",0.26,"texture"
"49","vi. 14","couch","furniture","predicate1","long",0.32,"size"
"50","vi. 14","fan","furniture","predicate1","big",0.23,"size"
"51","vi. 14","tomato","food","predicate1","soft",0.23,"texture"
"52","vi. 14","fan","furniture","predicate1","plastic",0.26,"material"
"53","vi. 35","carrot","food","predicate1","hard",0,"texture"
"54","vi. 35","couch","furniture","predicate1","plastic",0,"material"
"55","vi. 35","cheese","food","predicate1","brown",0,"color"
"56","vi. 35","apple","food","predicate1","huge",1,"size"
"57","vi. 35","chair","furniture","predicate1","wooden",0,"material"
"58","vi. 35","TV","furniture","predicate1","bad",1,"quality"
"59","vi. 35","cheese","food","predicate1","plastic",0,"material"
"60","vi. 35","banana","food","predicate1","new",1,"age"
"61","vi. 35","tomato","food","predicate1","fresh",0,"age"
"62","vi. 35","chair","furniture","predicate1","wooden",0,"material"
"63","vi. 35","carrot","food","predicate1","square",0,"shape"
"64","vi. 35","apple","food","predicate1","metal",0,"material"
"65","vi. 35","couch","furniture","predicate1","bad",1,"quality"
"66","vi. 35","apple","food","predicate1","new",1,"age"
"67","vi. 35","cheese","food","predicate1","square",0,"shape"
"68","vi. 35","chair","furniture","predicate1","round",0,"shape"
"69","vi. 35","carrot","food","predicate1","red",0,"color"
"70","vi. 35","apple","food","predicate1","square",0,"shape"
"71","vi. 35","desk","furniture","predicate1","metal",0,"material"
"72","vi. 35","banana","food","predicate1","good",0,"quality"
"73","vi. 35","banana","food","predicate1","new",1,"age"
"74","vi. 35","apple","food","predicate1","soft",1,"texture"
"75","vi. 35","desk","furniture","predicate1","long",1,"size"
"76","vi. 35","TV","furniture","predicate1","rotten",1,"age"
"77","vi. 35","desk","furniture","predicate1","smooth",1,"texture"
"78","vi. 35","cheese","food","predicate1","plastic",0,"material"
"79","vi. 36","desk","furniture","predicate1","soft",0.98,"texture"
"80","vi. 36","carrot","food","predicate1","blue",0.02,"color"
"81","vi. 36","TV","furniture","predicate1","small",0.95,"size"
"82","vi. 36","tomato","food","predicate1","red",0.02,"color"
"83","vi. 36","desk","furniture","predicate1","bad",0.98,"quality"
"84","vi. 36","chair","furniture","predicate1","plastic",0.97,"material"
"85","vi. 36","tomato","food","predicate1","blue",0.02,"color"
"86","vi. 36","chair","furniture","predicate1","long",0.99,"size"
"87","vi. 36","desk","furniture","predicate1","soft",0.01,"texture"
"88","vi. 36","apple","food","predicate1","wooden",0.01,"material"
"89","vi. 36","chair","furniture","predicate1","plastic",0.01,"material"
"90","vi. 36","apple","food","predicate1","blue",0.01,"color"
"91","vi. 36","cheese","food","predicate1","brown",0.02,"color"
"92","vi. 36","couch","furniture","predicate1","short",0.97,"size"
"93","vi. 36","couch","furniture","predicate1","plastic",0.99,"material"
"94","vi. 36","cheese","food","predicate1","smooth",0.02,"texture"
"95","vi. 36","couch","furniture","predicate1","brown",0.01,"color"
"96","vi. 36","desk","furniture","predicate1","long",0,"size"
"97","vi. 36","cheese","food","predicate1","square",0.02,"shape"
"98","vi. 36","apple","food","predicate1","soft",0.99,"texture"
"99","vi. 36","TV","furniture","predicate1","soft",0.98,"texture"
"100","vi. 36","cheese","food","predicate1","square",0.02,"shape"
"101","vi. 36","banana","food","predicate1","bad",0.98,"quality"
"102","vi. 36","chair","furniture","predicate1","long",0.02,"size"
"103","vi. 36","couch","furniture","predicate1","bad",0.98,"quality"
"104","vi. 36","carrot","food","predicate1","metal",0.02,"material"
"105","vi. 38","fan","furniture","predicate1","round",0,"shape"
"106","vi. 38","TV","furniture","predicate1","new",0.15,"age"
"107","vi. 38","chair","furniture","predicate1","fresh",0.09,"age"
"108","vi. 38","cheese","food","predicate1","bad",0.84,"quality"
"109","vi. 38","TV","furniture","predicate1","round",0.1,"shape"
"110","vi. 38","apple","food","predicate1","good",0.94,"quality"
"111","vi. 38","banana","food","predicate1","big",0,"size"
"112","vi. 38","tomato","food","predicate1","green",0,"color"
"113","vi. 38","chair","furniture","predicate1","brown",0,"color"
"114","vi. 38","chair","furniture","predicate1","red",0,"color"
"115","vi. 38","cheese","food","predicate1","green",0,"color"
"116","vi. 38","carrot","food","predicate1","smooth",0.97,"texture"
"117","vi. 38","banana","food","predicate1","red",0.07,"color"
"118","vi. 38","desk","furniture","predicate1","big",0.95,"size"
"119","vi. 38","chair","furniture","predicate1","big",0.0600000000000001,"size"
"120","vi. 38","desk","furniture","predicate1","round",0.07,"shape"
"121","vi. 38","desk","furniture","predicate1","long",0.96,"size"
"122","vi. 38","banana","food","predicate1","metal",0.0600000000000001,"material"
"123","vi. 38","fan","furniture","predicate1","big",1,"size"
"124","vi. 38","TV","furniture","predicate1","short",0.95,"size"
"125","vi. 38","TV","furniture","predicate1","blue",0.0600000000000001,"color"
"126","vi. 38","cheese","food","predicate1","green",0.05,"color"
"127","vi. 38","tomato","food","predicate1","wooden",0.08,"material"
"128","vi. 38","desk","furniture","predicate1","fresh",0.03,"age"
"129","vi. 38","tomato","food","predicate1","yellow",0.04,"color"
"130","vi. 38","desk","furniture","predicate1","huge",0.0600000000000001,"size"
"131","vi. 42","TV","furniture","predicate1","good",1,"quality"
"132","vi. 42","carrot","food","predicate1","metal",0,"material"
"133","vi. 42","banana","food","predicate1","old",1,"age"
"134","vi. 42","desk","furniture","predicate1","rotten",1,"age"
"135","vi. 42","TV","furniture","predicate1","fresh",1,"age"
"136","vi. 42","TV","furniture","predicate1","old",0.04,"age"
"137","vi. 42","fan","furniture","predicate1","small",1,"size"
"138","vi. 42","TV","furniture","predicate1","good",1,"quality"
"139","vi. 42","desk","furniture","predicate1","fresh",1,"age"
"140","vi. 42","banana","food","predicate1","metal",0,"material"
"141","vi. 42","banana","food","predicate1","new",0,"age"
"142","vi. 42","desk","furniture","predicate1","brown",0,"color"
"143","vi. 42","chair","furniture","predicate1","red",0,"color"
"144","vi. 42","cheese","food","predicate1","big",1,"size"
"145","vi. 42","fan","furniture","predicate1","huge",1,"size"
"146","vi. 42","chair","furniture","predicate1","old",1,"age"
"147","vi. 42","fan","furniture","predicate1","square",0.01,"shape"
"148","vi. 42","fan","furniture","predicate1","blue",0,"color"
"149","vi. 42","couch","furniture","predicate1","bad",1,"quality"
"150","vi. 42","banana","food","predicate1","huge",0,"size"
"151","vi. 42","couch","furniture","predicate1","blue",0,"color"
"152","vi. 42","apple","food","predicate1","new",1,"age"
"153","vi. 42","fan","furniture","predicate1","huge",1,"size"
"154","vi. 42","couch","furniture","predicate1","new",1,"age"
"155","vi. 42","TV","furniture","predicate1","fresh",1,"age"
"156","vi. 42","desk","furniture","predicate1","plastic",1,"material"
"157","vi. 43","tomato","food","predicate1","small",1,"size"
"158","vi. 43","fan","furniture","predicate1","bad",0,"quality"
"159","vi. 43","tomato","food","predicate1","metal",0,"material"
"160","vi. 43","desk","furniture","predicate1","small",0,"size"
"161","vi. 43","carrot","food","predicate1","smooth",0,"texture"
"162","vi. 43","tomato","food","predicate1","square",0,"shape"
"163","vi. 43","TV","furniture","predicate1","good",1,"quality"
"164","vi. 43","carrot","food","predicate1","rotten",1,"age"
"165","vi. 43","couch","furniture","predicate1","long",0,"size"
"166","vi. 43","cheese","food","predicate1","new",0,"age"
"167","vi. 43","apple","food","predicate1","purple",0,"color"
"168","vi. 43","TV","furniture","predicate1","metal",0,"material"
"169","vi. 43","cheese","food","predicate1","new",0,"age"
"170","vi. 43","desk","furniture","predicate1","purple",0,"color"
"171","vi. 43","couch","furniture","predicate1","huge",0,"size"
"172","vi. 43","carrot","food","predicate1","short",0,"size"
"173","vi. 43","apple","food","predicate1","new",1,"age"
"174","vi. 43","carrot","food","predicate1","long",0,"size"
"175","vi. 43","TV","furniture","predicate1","bad",1,"quality"
"176","vi. 43","desk","furniture","predicate1","hard",0,"texture"
"177","vi. 43","couch","furniture","predicate1","fresh",1,"age"
"178","vi. 43","tomato","food","predicate1","small",0,"size"
"179","vi. 43","desk","furniture","predicate1","new",0,"age"
"180","vi. 43","couch","furniture","predicate1","bad",1,"quality"
"181","vi. 43","couch","furniture","predicate1","wooden",0,"material"
"182","vi. 43","fan","furniture","predicate1","purple",1,"color"
"183","vi. 44","tomato","food","predicate1","square",0.88,"shape"
"184","vi. 44","desk","furniture","predicate1","wooden",0.0600000000000001,"material"
"185","vi. 44","carrot","food","predicate1","yellow",0.05,"color"
"186","vi. 44","carrot","food","predicate1","green",0.1,"color"
"187","vi. 44","chair","furniture","predicate1","good",0.97,"quality"
"188","vi. 44","tomato","food","predicate1","rotten",0.99,"age"
"189","vi. 44","carrot","food","predicate1","hard",0.92,"texture"
"190","vi. 44","banana","food","predicate1","brown",0.0600000000000001,"color"
"191","vi. 44","TV","furniture","predicate1","new",0.05,"age"
"192","vi. 44","tomato","food","predicate1","small",0.03,"size"
"193","vi. 44","TV","furniture","predicate1","bad",0.94,"quality"
"194","vi. 44","tomato","food","predicate1","new",0.97,"age"
"195","vi. 44","TV","furniture","predicate1","yellow",0.03,"color"
"196","vi. 44","fan","furniture","predicate1","plastic",0.09,"material"
"197","vi. 44","carrot","food","predicate1","bad",0.94,"quality"
"198","vi. 44","apple","food","predicate1","old",0.91,"age"
"199","vi. 44","chair","furniture","predicate1","plastic",0.0600000000000001,"material"
"200","vi. 44","carrot","food","predicate1","fresh",0.89,"age"
"201","vi. 44","chair","furniture","predicate1","metal",0.13,"material"
"202","vi. 44","cheese","food","predicate1","green",0.5,"color"
"203","vi. 44","couch","furniture","predicate1","bad",0.93,"quality"
"204","vi. 44","TV","furniture","predicate1","new",0.55,"age"
"205","vi. 44","tomato","food","predicate1","brown",0.49,"color"
"206","vi. 44","banana","food","predicate1","bad",0.86,"quality"
"207","vi. 44","cheese","food","predicate1","blue",0.22,"color"
"208","vi. 44","couch","furniture","predicate1","wooden",0.24,"material"
"209","vi. 46","TV","furniture","predicate1","round",0.95,"shape"
"210","vi. 46","carrot","food","predicate1","red",0.98,"color"
"211","vi. 46","chair","furniture","predicate1","square",0.05,"shape"
"212","vi. 46","chair","furniture","predicate1","good",0.5,"quality"
"213","vi. 46","apple","food","predicate1","bad",0.49,"quality"
"214","vi. 46","apple","food","predicate1","rotten",0.51,"age"
"215","vi. 46","desk","furniture","predicate1","purple",0.93,"color"
"216","vi. 46","TV","furniture","predicate1","blue",0.49,"color"
"217","vi. 46","carrot","food","predicate1","small",0.96,"size"
"218","vi. 46","apple","food","predicate1","old",0.52,"age"
"219","vi. 46","chair","furniture","predicate1","fresh",0.49,"age"
"220","vi. 46","TV","furniture","predicate1","long",0.03,"size"
"221","vi. 46","tomato","food","predicate1","small",0.96,"size"
"222","vi. 46","fan","furniture","predicate1","blue",0.97,"color"
"223","vi. 46","apple","food","predicate1","old",0.51,"age"
"224","vi. 46","fan","furniture","predicate1","smooth",0.52,"texture"
"225","vi. 46","couch","furniture","predicate1","long",0.09,"size"
"226","vi. 46","TV","furniture","predicate1","fresh",0.5,"age"
"227","vi. 46","banana","food","predicate1","yellow",0.52,"color"
"228","vi. 46","banana","food","predicate1","wooden",0.49,"material"
"229","vi. 46","tomato","food","predicate1","square",0.52,"shape"
"230","vi. 46","apple","food","predicate1","brown",0.97,"color"
"231","vi. 46","carrot","food","predicate1","green",0.99,"color"
"232","vi. 46","banana","food","predicate1","long",0.05,"size"
"233","vi. 46","carrot","food","predicate1","blue",0.51,"color"
"234","vi. 46","cheese","food","predicate1","red",0.52,"color"
"235","vi. 48","cheese","food","predicate1","purple",0,"color"
"236","vi. 48","chair","furniture","predicate1","square",1,"shape"
"237","vi. 48","tomato","food","predicate1","plastic",0,"material"
"238","vi. 48","carrot","food","predicate1","purple",1,"color"
"239","vi. 48","desk","furniture","predicate1","green",0,"color"
"240","vi. 48","desk","furniture","predicate1","square",0,"shape"
"241","vi. 48","cheese","food","predicate1","round",0,"shape"
"242","vi. 48","chair","furniture","predicate1","big",1,"size"
"243","vi. 48","desk","furniture","predicate1","plastic",0,"material"
"244","vi. 48","fan","furniture","predicate1","new",1,"age"
"245","vi. 48","desk","furniture","predicate1","wooden",0,"material"
"246","vi. 48","desk","furniture","predicate1","yellow",0,"color"
"247","vi. 48","desk","furniture","predicate1","blue",0,"color"
"248","vi. 48","TV","furniture","predicate1","blue",0,"color"
"249","vi. 48","carrot","food","predicate1","yellow",1,"color"
"250","vi. 48","carrot","food","predicate1","soft",0,"texture"
"251","vi. 48","chair","furniture","predicate1","wooden",1,"material"
"252","vi. 48","apple","food","predicate1","long",0,"size"
"253","vi. 48","apple","food","predicate1","small",0.6,"size"
"254","vi. 48","desk","furniture","predicate1","long",1,"size"
"255","vi. 48","apple","food","predicate1","big",0,"size"
"256","vi. 48","banana","food","predicate1","old",1,"age"
"257","vi. 48","carrot","food","predicate1","big",1,"size"
"258","vi. 48","cheese","food","predicate1","big",1,"size"
"259","vi. 48","couch","furniture","predicate1","new",1,"age"
"260","vi. 48","fan","furniture","predicate1","metal",0,"material"
"261","vi. 60","TV","furniture","predicate1","short",0,"size"
"262","vi. 60","apple","food","predicate1","metal",0.03,"material"
"263","vi. 60","carrot","food","predicate1","plastic",0.03,"material"
"264","vi. 60","fan","furniture","predicate1","metal",0.04,"material"
"265","vi. 60","tomato","food","predicate1","big",0.02,"size"
"266","vi. 60","desk","furniture","predicate1","purple",0.99,"color"
"267","vi. 60","tomato","food","predicate1","wooden",0.03,"material"
"268","vi. 60","couch","furniture","predicate1","hard",0.99,"texture"
"269","vi. 60","banana","food","predicate1","brown",0.03,"color"
"270","vi. 60","apple","food","predicate1","brown",0.96,"color"
"271","vi. 60","couch","furniture","predicate1","smooth",0.99,"texture"
"272","vi. 60","TV","furniture","predicate1","blue",1,"color"
"273","vi. 60","carrot","food","predicate1","fresh",0.97,"age"
"274","vi. 60","desk","furniture","predicate1","hard",0.01,"texture"
"275","vi. 60","cheese","food","predicate1","old",0.05,"age"
"276","vi. 60","banana","food","predicate1","new",0.03,"age"
"277","vi. 60","banana","food","predicate1","hard",0.0600000000000001,"texture"
"278","vi. 60","fan","furniture","predicate1","wooden",0.04,"material"
"279","vi. 60","chair","furniture","predicate1","green",0.97,"color"
"280","vi. 60","carrot","food","predicate1","brown",0.97,"color"
"281","vi. 60","apple","food","predicate1","new",0.94,"age"
"282","vi. 60","banana","food","predicate1","small",0.07,"size"
"283","vi. 60","cheese","food","predicate1","green",0.96,"color"
"284","vi. 60","chair","furniture","predicate1","brown",0.03,"color"
"285","vi. 60","chair","furniture","predicate1","rotten",0.97,"age"
"286","vi. 60","TV","furniture","predicate1","huge",0.03,"size"
"287","vi. 62","apple","food","predicate1","red",0.81,"color"
"288","vi. 62","banana","food","predicate1","short",0.19,"size"
"289","vi. 62","carrot","food","predicate1","big",0.13,"size"
"290","vi. 62","TV","furniture","predicate1","rotten",0.93,"age"
"291","vi. 62","chair","furniture","predicate1","purple",0.3,"color"
"292","vi. 62","couch","furniture","predicate1","old",0.09,"age"
"293","vi. 62","tomato","food","predicate1","red",0.92,"color"
"294","vi. 62","carrot","food","predicate1","good",0.84,"quality"
"295","vi. 62","desk","furniture","predicate1","red",0.2,"color"
"296","vi. 62","desk","furniture","predicate1","round",0.2,"shape"
"297","vi. 62","carrot","food","predicate1","hard",0.85,"texture"
"298","vi. 62","couch","furniture","predicate1","soft",0.19,"texture"
"299","vi. 62","carrot","food","predicate1","plastic",0.18,"material"
"300","vi. 62","cheese","food","predicate1","rotten",0.79,"age"
"301","vi. 62","fan","furniture","predicate1","short",0.67,"size"
"302","vi. 62","couch","furniture","predicate1","metal",0.24,"material"
"303","vi. 62","TV","furniture","predicate1","green",0.28,"color"
"304","vi. 62","couch","furniture","predicate1","round",0.2,"shape"
"305","vi. 62","cheese","food","predicate1","round",0.22,"shape"
"306","vi. 62","apple","food","predicate1","old",0.82,"age"
"307","vi. 62","fan","furniture","predicate1","big",0.31,"size"
"308","vi. 62","cheese","food","predicate1","old",0.39,"age"
"309","vi. 62","desk","furniture","predicate1","fresh",0.6,"age"
"310","vi. 62","carrot","food","predicate1","green",0.38,"color"
"311","vi. 62","fan","furniture","predicate1","bad",0.74,"quality"
"312","vi. 62","TV","furniture","predicate1","long",0.85,"size"
"313","vi. 68","banana","food","predicate1","new",0.9,"age"
"314","vi. 68","couch","furniture","predicate1","hard",0.93,"texture"
"315","vi. 68","chair","furniture","predicate1","hard",0.94,"texture"
"316","vi. 68","fan","furniture","predicate1","yellow",0.07,"color"
"317","vi. 68","banana","food","predicate1","long",0.93,"size"
"318","vi. 68","fan","furniture","predicate1","square",0.1,"shape"
"319","vi. 68","chair","furniture","predicate1","huge",0.95,"size"
"320","vi. 68","fan","furniture","predicate1","blue",0.95,"color"
"321","vi. 68","TV","furniture","predicate1","metal",0.1,"material"
"322","vi. 68","tomato","food","predicate1","good",0.95,"quality"
"323","vi. 68","chair","furniture","predicate1","new",0.93,"age"
"324","vi. 68","tomato","food","predicate1","purple",0.11,"color"
"325","vi. 68","TV","furniture","predicate1","purple",0.0600000000000001,"color"
"326","vi. 68","fan","furniture","predicate1","big",0.95,"size"
"327","vi. 68","fan","furniture","predicate1","purple",0.04,"color"
"328","vi. 68","couch","furniture","predicate1","rotten",0.94,"age"
"329","vi. 68","desk","furniture","predicate1","new",0.95,"age"
"330","vi. 68","cheese","food","predicate1","red",0.0600000000000001,"color"
"331","vi. 68","cheese","food","predicate1","yellow",0.0600000000000001,"color"
"332","vi. 68","cheese","food","predicate1","short",0.94,"size"
"333","vi. 68","TV","furniture","predicate1","new",0.92,"age"
"334","vi. 68","carrot","food","predicate1","good",0.0600000000000001,"quality"
"335","vi. 68","chair","furniture","predicate1","blue",0.93,"color"
"336","vi. 68","couch","furniture","predicate1","soft",0.93,"texture"
"337","vi. 68","tomato","food","predicate1","short",0.1,"size"
"338","vi. 68","banana","food","predicate1","big",0.09,"size"
"339","vi. 72","tomato","food","predicate1","wooden",0.19,"material"
"340","vi. 72","chair","furniture","predicate1","brown",0.86,"color"
"341","vi. 72","tomato","food","predicate1","fresh",0.69,"age"
"342","vi. 72","carrot","food","predicate1","blue",0.68,"color"
"343","vi. 72","couch","furniture","predicate1","square",0.79,"shape"
"344","vi. 72","cheese","food","predicate1","bad",0.83,"quality"
"345","vi. 72","tomato","food","predicate1","green",0.82,"color"
"346","vi. 72","apple","food","predicate1","smooth",0.76,"texture"
"347","vi. 72","fan","furniture","predicate1","blue",0.8,"color"
"348","vi. 72","apple","food","predicate1","soft",0.74,"texture"
"349","vi. 72","banana","food","predicate1","bad",0.74,"quality"
"350","vi. 72","desk","furniture","predicate1","yellow",0.78,"color"
"351","vi. 72","cheese","food","predicate1","green",0.77,"color"
"352","vi. 72","couch","furniture","predicate1","rotten",0.76,"age"
"353","vi. 72","tomato","food","predicate1","short",0.79,"size"
"354","vi. 72","desk","furniture","predicate1","rotten",0.78,"age"
"355","vi. 72","apple","food","predicate1","huge",0.69,"size"
"356","vi. 72","fan","furniture","predicate1","long",0.77,"size"
"357","vi. 72","cheese","food","predicate1","purple",0.79,"color"
"358","vi. 72","chair","furniture","predicate1","old",0.75,"age"
"359","vi. 72","cheese","food","predicate1","short",0.37,"size"
"360","vi. 72","tomato","food","predicate1","fresh",0.28,"age"
"361","vi. 72","TV","furniture","predicate1","brown",0.74,"color"
"362","vi. 72","cheese","food","predicate1","huge",0.8,"size"
"363","vi. 72","tomato","food","predicate1","smooth",0.25,"texture"
"364","vi. 72","banana","food","predicate1","blue",0.79,"color"
"365","vi. 76","couch","furniture","predicate1","purple",0.22,"color"
"366","vi. 76","chair","furniture","predicate1","long",0.83,"size"
"367","vi. 76","TV","furniture","predicate1","green",0.15,"color"
"368","vi. 76","chair","furniture","predicate1","green",0.4,"color"
"369","vi. 76","fan","furniture","predicate1","square",0.68,"shape"
"370","vi. 76","desk","furniture","predicate1","short",0.81,"size"
"371","vi. 76","fan","furniture","predicate1","square",0.28,"shape"
"372","vi. 76","couch","furniture","predicate1","long",0.82,"size"
"373","vi. 76","carrot","food","predicate1","round",0.77,"shape"
"374","vi. 76","apple","food","predicate1","round",0.25,"shape"
"375","vi. 76","apple","food","predicate1","smooth",0.59,"texture"
"376","vi. 76","carrot","food","predicate1","metal",0.68,"material"
"377","vi. 76","apple","food","predicate1","hard",0.7,"texture"
"378","vi. 76","banana","food","predicate1","soft",0.48,"texture"
"379","vi. 76","fan","furniture","predicate1","metal",0.32,"material"
"380","vi. 76","couch","furniture","predicate1","fresh",0.29,"age"
"381","vi. 76","banana","food","predicate1","metal",0.62,"material"
"382","vi. 76","desk","furniture","predicate1","round",0.6,"shape"
"383","vi. 76","tomato","food","predicate1","fresh",0.33,"age"
"384","vi. 76","desk","furniture","predicate1","soft",0.32,"texture"
"385","vi. 76","cheese","food","predicate1","plastic",0.1,"material"
"386","vi. 76","desk","furniture","predicate1","round",0.27,"shape"
"387","vi. 76","TV","furniture","predicate1","green",0.72,"color"
"388","vi. 76","apple","food","predicate1","big",0.65,"size"
"389","vi. 76","tomato","food","predicate1","long",0.21,"size"
"390","vi. 76","couch","furniture","predicate1","hard",0.3,"texture"
"391","vi. 81","couch","furniture","predicate1","brown",0,"color"
"392","vi. 81","fan","furniture","predicate1","yellow",0,"color"
"393","vi. 81","TV","furniture","predicate1","good",0,"quality"
"394","vi. 81","chair","furniture","predicate1","old",1,"age"
"395","vi. 81","banana","food","predicate1","square",0,"shape"
"396","vi. 81","TV","furniture","predicate1","purple",0,"color"
"397","vi. 81","desk","furniture","predicate1","plastic",0,"material"
"398","vi. 81","apple","food","predicate1","hard",1,"texture"
"399","vi. 81","chair","furniture","predicate1","fresh",1,"age"
"400","vi. 81","cheese","food","predicate1","small",1,"size"
"401","vi. 81","desk","furniture","predicate1","green",0,"color"
"402","vi. 81","cheese","food","predicate1","fresh",1,"age"
"403","vi. 81","fan","furniture","predicate1","yellow",1,"color"
"404","vi. 81","tomato","food","predicate1","brown",1,"color"
"405","vi. 81","apple","food","predicate1","round",1,"shape"
"406","vi. 81","cheese","food","predicate1","wooden",0,"material"
"407","vi. 81","apple","food","predicate1","blue",1,"color"
"408","vi. 81","TV","furniture","predicate1","red",1,"color"
"409","vi. 81","apple","food","predicate1","green",1,"color"
"410","vi. 81","apple","food","predicate1","short",0,"size"
"411","vi. 81","apple","food","predicate1","round",1,"shape"
"412","vi. 81","TV","furniture","predicate1","fresh",1,"age"
"413","vi. 81","carrot","food","predicate1","good",1,"quality"
"414","vi. 81","chair","furniture","predicate1","old",1,"age"
"415","vi. 81","carrot","food","predicate1","green",0,"color"
"416","vi. 81","chair","furniture","predicate1","square",0,"shape"
"417","vi. 89","cheese","food","predicate1","square",0.12,"shape"
"418","vi. 89","tomato","food","predicate1","smooth",0.15,"texture"
"419","vi. 89","banana","food","predicate1","wooden",0.93,"material"
"420","vi. 89","banana","food","predicate1","long",0.82,"size"
"421","vi. 89","chair","furniture","predicate1","purple",0.88,"color"
"422","vi. 89","couch","furniture","predicate1","red",0.24,"color"
"423","vi. 89","apple","food","predicate1","rotten",0.55,"age"
"424","vi. 89","cheese","food","predicate1","rotten",0.35,"age"
"425","vi. 89","cheese","food","predicate1","long",0.58,"size"
"426","vi. 89","couch","furniture","predicate1","soft",0.37,"texture"
"427","vi. 89","chair","furniture","predicate1","round",0.5,"shape"
"428","vi. 89","chair","furniture","predicate1","huge",0.45,"size"
"429","vi. 89","chair","furniture","predicate1","wooden",0.25,"material"
"430","vi. 89","tomato","food","predicate1","small",0.33,"size"
"431","vi. 89","TV","furniture","predicate1","hard",0.26,"texture"
"432","vi. 89","desk","furniture","predicate1","good",0.33,"quality"
"433","vi. 89","TV","furniture","predicate1","good",0.51,"quality"
"434","vi. 89","couch","furniture","predicate1","bad",0.25,"quality"
"435","vi. 89","tomato","food","predicate1","purple",0.58,"color"
"436","vi. 89","apple","food","predicate1","short",0.26,"size"
"437","vi. 89","banana","food","predicate1","new",0.58,"age"
"438","vi. 89","tomato","food","predicate1","huge",0.23,"size"
"439","vi. 89","cheese","food","predicate1","yellow",0.39,"color"
"440","vi. 89","fan","furniture","predicate1","red",0.57,"color"
"441","vi. 89","couch","furniture","predicate1","short",0.37,"size"
"442","vi. 89","desk","furniture","predicate1","old",0.41,"age"
"443","vi. 92","apple","food","predicate1","soft",0.12,"texture"
"444","vi. 92","apple","food","predicate1","brown",0.03,"color"
"445","vi. 92","desk","furniture","predicate1","blue",0.66,"color"
"446","vi. 92","tomato","food","predicate1","big",0.9,"size"
"447","vi. 92","tomato","food","predicate1","small",0.9,"size"
"448","vi. 92","banana","food","predicate1","red",0.91,"color"
"449","vi. 92","banana","food","predicate1","yellow",0.9,"color"
"450","vi. 92","fan","furniture","predicate1","soft",0.92,"texture"
"451","vi. 92","carrot","food","predicate1","long",0.5,"size"
"452","vi. 92","TV","furniture","predicate1","big",0.88,"size"
"453","vi. 92","TV","furniture","predicate1","plastic",0.9,"material"
"454","vi. 92","TV","furniture","predicate1","metal",0.91,"material"
"455","vi. 92","desk","furniture","predicate1","huge",0.94,"size"
"456","vi. 92","desk","furniture","predicate1","fresh",0.86,"age"
"457","vi. 92","carrot","food","predicate1","new",0.46,"age"
"458","vi. 92","apple","food","predicate1","new",0.13,"age"
"459","vi. 92","carrot","food","predicate1","wooden",0.12,"material"
"460","vi. 92","desk","furniture","predicate1","long",0.89,"size"
"461","vi. 92","tomato","food","predicate1","metal",0.94,"material"
"462","vi. 92","apple","food","predicate1","new",0.58,"age"
"463","vi. 92","apple","food","predicate1","hard",0.82,"texture"
"464","vi. 92","desk","furniture","predicate1","small",0.89,"size"
"465","vi. 92","chair","furniture","predicate1","short",0.9,"size"
"466","vi. 92","tomato","food","predicate1","blue",0.78,"color"
"467","vi. 92","fan","furniture","predicate1","wooden",0.88,"material"
"468","vi. 92","chair","furniture","predicate1","plastic",0.12,"material"
"469","vi. 100","TV","furniture","predicate1","new",0,"age"
"470","vi. 100","carrot","food","predicate1","red",0,"color"
"471","vi. 100","TV","furniture","predicate1","square",0,"shape"
"472","vi. 100","desk","furniture","predicate1","huge",1,"size"
"473","vi. 100","cheese","food","predicate1","big",0,"size"
"474","vi. 100","tomato","food","predicate1","plastic",1,"material"
"475","vi. 100","TV","furniture","predicate1","small",1,"size"
"476","vi. 100","chair","furniture","predicate1","old",1,"age"
"477","vi. 100","TV","furniture","predicate1","metal",0,"material"
"478","vi. 100","apple","food","predicate1","rotten",1,"age"
"479","vi. 100","carrot","food","predicate1","green",0,"color"
"480","vi. 100","couch","furniture","predicate1","big",1,"size"
"481","vi. 100","couch","furniture","predicate1","new",1,"age"
"482","vi. 100","desk","furniture","predicate1","soft",0.48,"texture"
"483","vi. 100","chair","furniture","predicate1","smooth",1,"texture"
"484","vi. 100","desk","furniture","predicate1","green",0,"color"
"485","vi. 100","apple","food","predicate1","red",0,"color"
"486","vi. 100","TV","furniture","predicate1","purple",0,"color"
"487","vi. 100","desk","furniture","predicate1","red",0,"color"
"488","vi. 100","TV","furniture","predicate1","big",1,"size"
"489","vi. 100","chair","furniture","predicate1","plastic",0,"material"
"490","vi. 100","desk","furniture","predicate1","square",1,"shape"
"491","vi. 100","TV","furniture","predicate1","red",0,"color"
"492","vi. 100","cheese","food","predicate1","bad",1,"quality"
"493","vi. 100","fan","furniture","predicate1","rotten",0.49,"age"
"494","vi. 100","cheese","food","predicate1","soft",1,"texture"
"495","vi. 108","couch","furniture","predicate1","red",0.94,"color"
"496","vi. 108","cheese","food","predicate1","smooth",0,"texture"
"497","vi. 108","cheese","food","predicate1","good",0.98,"quality"
"498","vi. 108","TV","furniture","predicate1","old",0.97,"age"
"499","vi. 108","tomato","food","predicate1","wooden",1,"material"
"500","vi. 108","desk","furniture","predicate1","metal",0.96,"material"
"501","vi. 108","cheese","food","predicate1","hard",0.03,"texture"
"502","vi. 108","desk","furniture","predicate1","good",0.97,"quality"
"503","vi. 108","TV","furniture","predicate1","short",0.01,"size"
"504","vi. 108","carrot","food","predicate1","good",0.96,"quality"
"505","vi. 108","banana","food","predicate1","hard",0.97,"texture"
"506","vi. 108","fan","furniture","predicate1","smooth",0.95,"texture"
"507","vi. 108","banana","food","predicate1","smooth",0.95,"texture"
"508","vi. 108","chair","furniture","predicate1","new",0.02,"age"
"509","vi. 108","tomato","food","predicate1","wooden",0.96,"material"
"510","vi. 108","banana","food","predicate1","yellow",0.03,"color"
"511","vi. 108","desk","furniture","predicate1","brown",0.01,"color"
"512","vi. 108","desk","furniture","predicate1","small",0.98,"size"
"513","vi. 108","banana","food","predicate1","old",0.21,"age"
"514","vi. 108","TV","furniture","predicate1","wooden",0.3,"material"
"515","vi. 108","banana","food","predicate1","plastic",0.36,"material"
"516","vi. 108","couch","furniture","predicate1","brown",0.1,"color"
"517","vi. 108","banana","food","predicate1","metal",0.8,"material"
"518","vi. 108","banana","food","predicate1","good",0.8,"quality"
"519","vi. 108","TV","furniture","predicate1","soft",1,"texture"
"520","vi. 108","banana","food","predicate1","bad",0.77,"quality"
"521","vi. 109","fan","furniture","predicate1","rotten",0.9,"age"
"522","vi. 109","desk","furniture","predicate1","bad",0.98,"quality"
"523","vi. 109","carrot","food","predicate1","rotten",0.97,"age"
"524","vi. 109","carrot","food","predicate1","blue",0.02,"color"
"525","vi. 109","tomato","food","predicate1","fresh",0.94,"age"
"526","vi. 109","tomato","food","predicate1","purple",0.97,"color"
"527","vi. 109","fan","furniture","predicate1","green",0.03,"color"
"528","vi. 109","apple","food","predicate1","new",0.98,"age"
"529","vi. 109","desk","furniture","predicate1","long",0.91,"size"
"530","vi. 109","desk","furniture","predicate1","purple",0.07,"color"
"531","vi. 109","TV","furniture","predicate1","new",0.95,"age"
"532","vi. 109","carrot","food","predicate1","big",0.98,"size"
"533","vi. 109","tomato","food","predicate1","square",0.04,"shape"
"534","vi. 109","apple","food","predicate1","huge",0.95,"size"
"535","vi. 109","TV","furniture","predicate1","short",0.95,"size"
"536","vi. 109","fan","furniture","predicate1","good",0.97,"quality"
"537","vi. 109","couch","furniture","predicate1","yellow",0.07,"color"
"538","vi. 109","apple","food","predicate1","big",0.91,"size"
"539","vi. 109","carrot","food","predicate1","plastic",0.08,"material"
"540","vi. 109","desk","furniture","predicate1","huge",0.93,"size"
"541","vi. 109","banana","food","predicate1","soft",0.95,"texture"
"542","vi. 109","apple","food","predicate1","big",0.96,"size"
"543","vi. 109","fan","furniture","predicate1","long",0.98,"size"
"544","vi. 109","TV","furniture","predicate1","blue",0,"color"
"545","vi. 109","apple","food","predicate1","yellow",0.02,"color"
"546","vi. 109","carrot","food","predicate1","round",0.03,"shape"
"547","vi. 124","desk","furniture","predicate1","blue",0.09,"color"
"548","vi. 124","tomato","food","predicate1","purple",0.92,"color"
"549","vi. 124","fan","furniture","predicate1","plastic",0.17,"material"
"550","vi. 124","chair","furniture","predicate1","huge",0.35,"size"
"551","vi. 124","TV","furniture","predicate1","square",0.34,"shape"
"552","vi. 124","tomato","food","predicate1","rotten",0.4,"age"
"553","vi. 124","desk","furniture","predicate1","blue",0.32,"color"
"554","vi. 124","cheese","food","predicate1","small",0.42,"size"
"555","vi. 124","banana","food","predicate1","smooth",0.71,"texture"
"556","vi. 124","carrot","food","predicate1","soft",0.62,"texture"
"557","vi. 124","desk","furniture","predicate1","metal",0.5,"material"
"558","vi. 124","apple","food","predicate1","metal",0.32,"material"
"559","vi. 124","cheese","food","predicate1","huge",0.62,"size"
"560","vi. 124","banana","food","predicate1","huge",0.6,"size"
"561","vi. 124","chair","furniture","predicate1","plastic",0.32,"material"
"562","vi. 124","carrot","food","predicate1","rotten",0.43,"age"
"563","vi. 124","TV","furniture","predicate1","yellow",0.38,"color"
"564","vi. 124","cheese","food","predicate1","purple",0.56,"color"
"565","vi. 124","carrot","food","predicate1","fresh",0.58,"age"
"566","vi. 124","cheese","food","predicate1","hard",0.69,"texture"
"567","vi. 124","couch","furniture","predicate1","huge",0.63,"size"
"568","vi. 124","apple","food","predicate1","new",0.61,"age"
"569","vi. 124","desk","furniture","predicate1","huge",0.58,"size"
"570","vi. 124","cheese","food","predicate1","small",0.39,"size"
"571","vi. 124","tomato","food","predicate1","purple",0.69,"color"
"572","vi. 124","desk","furniture","predicate1","old",0.72,"age"
"573","vi. 125","couch","furniture","predicate1","blue",0.21,"color"
"574","vi. 125","carrot","food","predicate1","smooth",0.82,"texture"
"575","vi. 125","carrot","food","predicate1","good",0.85,"quality"
"576","vi. 125","desk","furniture","predicate1","huge",0.52,"size"
"577","vi. 125","tomato","food","predicate1","green",0.2,"color"
"578","vi. 125","banana","food","predicate1","big",0.15,"size"
"579","vi. 125","cheese","food","predicate1","blue",0,"color"
"580","vi. 125","desk","furniture","predicate1","long",0,"size"
"581","vi. 125","cheese","food","predicate1","small",1,"size"
"582","vi. 125","banana","food","predicate1","metal",0.34,"material"
"583","vi. 125","apple","food","predicate1","metal",0.25,"material"
"584","vi. 125","fan","furniture","predicate1","short",0.21,"size"
"585","vi. 125","tomato","food","predicate1","wooden",0.81,"material"
"586","vi. 125","banana","food","predicate1","huge",0.5,"size"
"587","vi. 125","cheese","food","predicate1","blue",0.65,"color"
"588","vi. 125","fan","furniture","predicate1","small",0.24,"size"
"589","vi. 125","tomato","food","predicate1","round",0.2,"shape"
"590","vi. 125","chair","furniture","predicate1","hard",0.21,"texture"
"591","vi. 125","chair","furniture","predicate1","metal",0,"material"
"592","vi. 125","fan","furniture","predicate1","big",0.12,"size"
"593","vi. 125","couch","furniture","predicate1","short",0.51,"size"
"594","vi. 125","chair","furniture","predicate1","green",0.49,"color"
"595","vi. 125","TV","furniture","predicate1","short",0.51,"size"
"596","vi. 125","apple","food","predicate1","yellow",0.13,"color"
"597","vi. 125","carrot","food","predicate1","square",0.24,"shape"
"598","vi. 125","banana","food","predicate1","huge",0.33,"size"
"599","vi. 134","banana","food","predicate1","brown",0,"color"
"600","vi. 134","apple","food","predicate1","red",0,"color"
"601","vi. 134","fan","furniture","predicate1","smooth",0,"texture"
"602","vi. 134","chair","furniture","predicate1","square",0,"shape"
"603","vi. 134","carrot","food","predicate1","hard",0,"texture"
"604","vi. 134","couch","furniture","predicate1","round",0,"shape"
"605","vi. 134","desk","furniture","predicate1","metal",0,"material"
"606","vi. 134","desk","furniture","predicate1","round",0,"shape"
"607","vi. 134","cheese","food","predicate1","yellow",0,"color"
"608","vi. 134","chair","furniture","predicate1","short",0,"size"
"609","vi. 134","TV","furniture","predicate1","round",0,"shape"
"610","vi. 134","TV","furniture","predicate1","huge",0,"size"
"611","vi. 134","tomato","food","predicate1","big",0,"size"
"612","vi. 134","fan","furniture","predicate1","big",0.02,"size"
"613","vi. 134","fan","furniture","predicate1","long",0,"size"
"614","vi. 134","banana","food","predicate1","long",1,"size"
"615","vi. 134","carrot","food","predicate1","huge",1,"size"
"616","vi. 134","carrot","food","predicate1","bad",1,"quality"
"617","vi. 134","carrot","food","predicate1","hard",1,"texture"
"618","vi. 134","banana","food","predicate1","round",1,"shape"
"619","vi. 134","desk","furniture","predicate1","short",0,"size"
"620","vi. 134","carrot","food","predicate1","wooden",0,"material"
"621","vi. 134","cheese","food","predicate1","new",0,"age"
"622","vi. 134","fan","furniture","predicate1","fresh",0,"age"
"623","vi. 134","cheese","food","predicate1","yellow",0,"color"
"624","vi. 134","TV","furniture","predicate1","good",0,"quality"
"625","vi. 10","couch","furniture","rightpredicate1","bad",0.77,"quality"
"626","vi. 10","banana","food","rightpredicate1","huge",0.11,"size"
"627","vi. 10","chair","furniture","rightpredicate1","soft",0.94,"texture"
"628","vi. 10","tomato","food","rightpredicate1","old",0.03,"age"
"629","vi. 10","banana","food","rightpredicate1","long",0.03,"size"
"630","vi. 10","cheese","food","rightpredicate1","plastic",0.99,"material"
"631","vi. 10","chair","furniture","rightpredicate1","metal",0,"material"
"632","vi. 10","cheese","food","rightpredicate1","huge",0.98,"size"
"633","vi. 10","chair","furniture","rightpredicate1","yellow",0.0700000000000001,"color"
"634","vi. 10","TV","furniture","rightpredicate1","small",0.85,"size"
"635","vi. 10","apple","food","rightpredicate1","square",0.5,"shape"
"636","vi. 10","tomato","food","rightpredicate1","plastic",0.11,"material"
"637","vi. 10","chair","furniture","rightpredicate1","bad",0.92,"quality"
"638","vi. 10","carrot","food","rightpredicate1","plastic",0.95,"material"
"639","vi. 10","banana","food","rightpredicate1","short",0.08,"size"
"640","vi. 10","tomato","food","rightpredicate1","bad",0.93,"quality"
"641","vi. 10","banana","food","rightpredicate1","new",0.08,"age"
"642","vi. 10","tomato","food","rightpredicate1","good",0.45,"quality"
"643","vi. 10","carrot","food","rightpredicate1","wooden",0.04,"material"
"644","vi. 10","fan","furniture","rightpredicate1","long",0.89,"size"
"645","vi. 10","TV","furniture","rightpredicate1","brown",0.0600000000000001,"color"
"646","vi. 10","fan","furniture","rightpredicate1","old",0.12,"age"
"647","vi. 10","desk","furniture","rightpredicate1","new",0.08,"age"
"648","vi. 10","desk","furniture","rightpredicate1","short",0.96,"size"
"649","vi. 10","cheese","food","rightpredicate1","soft",0.0700000000000001,"texture"
"650","vi. 10","chair","furniture","rightpredicate1","round",0.95,"shape"
"651","vi. 14","desk","furniture","rightpredicate1","square",0.17,"shape"
"652","vi. 14","chair","furniture","rightpredicate1","round",0.22,"shape"
"653","vi. 14","chair","furniture","rightpredicate1","big",0.19,"size"
"654","vi. 14","couch","furniture","rightpredicate1","red",0.83,"color"
"655","vi. 14","tomato","food","rightpredicate1","purple",0.84,"color"
"656","vi. 14","couch","furniture","rightpredicate1","big",0.78,"size"
"657","vi. 14","cheese","food","rightpredicate1","new",0.72,"age"
"658","vi. 14","desk","furniture","rightpredicate1","hard",0.8,"texture"
"659","vi. 14","fan","furniture","rightpredicate1","metal",0.72,"material"
"660","vi. 14","banana","food","rightpredicate1","smooth",0.68,"texture"
"661","vi. 14","fan","furniture","rightpredicate1","blue",0.75,"color"
"662","vi. 14","banana","food","rightpredicate1","square",0.15,"shape"
"663","vi. 14","chair","furniture","rightpredicate1","soft",0.23,"texture"
"664","vi. 14","carrot","food","rightpredicate1","hard",0.57,"texture"
"665","vi. 14","carrot","food","rightpredicate1","smooth",0.26,"texture"
"666","vi. 14","desk","furniture","rightpredicate1","blue",0.86,"color"
"667","vi. 14","apple","food","rightpredicate1","bad",0.78,"quality"
"668","vi. 14","chair","furniture","rightpredicate1","small",0.23,"size"
"669","vi. 14","desk","furniture","rightpredicate1","wooden",0.13,"material"
"670","vi. 14","cheese","food","rightpredicate1","red",0.14,"color"
"671","vi. 14","desk","furniture","rightpredicate1","red",0.78,"color"
"672","vi. 14","couch","furniture","rightpredicate1","small",0.74,"size"
"673","vi. 14","couch","furniture","rightpredicate1","yellow",0.68,"color"
"674","vi. 14","fan","furniture","rightpredicate1","yellow",0.77,"color"
"675","vi. 14","tomato","food","rightpredicate1","small",0.77,"size"
"676","vi. 14","fan","furniture","rightpredicate1","red",0.74,"color"
"677","vi. 35","carrot","food","rightpredicate1","long",1,"size"
"678","vi. 35","couch","furniture","rightpredicate1","long",1,"size"
"679","vi. 35","cheese","food","rightpredicate1","rotten",1,"age"
"680","vi. 35","apple","food","rightpredicate1","round",0,"shape"
"681","vi. 35","chair","furniture","rightpredicate1","yellow",1,"color"
"682","vi. 35","TV","furniture","rightpredicate1","metal",0,"material"
"683","vi. 35","cheese","food","rightpredicate1","round",1,"shape"
"684","vi. 35","banana","food","rightpredicate1","square",0,"shape"
"685","vi. 35","tomato","food","rightpredicate1","long",1,"size"
"686","vi. 35","chair","furniture","rightpredicate1","big",1,"size"
"687","vi. 35","carrot","food","rightpredicate1","smooth",1,"texture"
"688","vi. 35","apple","food","rightpredicate1","blue",1,"color"
"689","vi. 35","couch","furniture","rightpredicate1","purple",0,"color"
"690","vi. 35","apple","food","rightpredicate1","blue",0,"color"
"691","vi. 35","cheese","food","rightpredicate1","fresh",1,"age"
"692","vi. 35","chair","furniture","rightpredicate1","fresh",1,"age"
"693","vi. 35","carrot","food","rightpredicate1","long",1,"size"
"694","vi. 35","apple","food","rightpredicate1","long",1,"size"
"695","vi. 35","desk","furniture","rightpredicate1","small",1,"size"
"696","vi. 35","banana","food","rightpredicate1","smooth",1,"texture"
"697","vi. 35","banana","food","rightpredicate1","good",0,"quality"
"698","vi. 35","apple","food","rightpredicate1","metal",0,"material"
"699","vi. 35","desk","furniture","rightpredicate1","wooden",0,"material"
"700","vi. 35","TV","furniture","rightpredicate1","bad",0,"quality"
"701","vi. 35","desk","furniture","rightpredicate1","metal",0,"material"
"702","vi. 35","cheese","food","rightpredicate1","new",1,"age"
"703","vi. 36","desk","furniture","rightpredicate1","purple",0.02,"color"
"704","vi. 36","carrot","food","rightpredicate1","smooth",0.98,"texture"
"705","vi. 36","TV","furniture","rightpredicate1","plastic",0.05,"material"
"706","vi. 36","tomato","food","rightpredicate1","round",0.98,"shape"
"707","vi. 36","desk","furniture","rightpredicate1","metal",0.02,"material"
"708","vi. 36","chair","furniture","rightpredicate1","green",0.03,"color"
"709","vi. 36","tomato","food","rightpredicate1","big",0.98,"size"
"710","vi. 36","chair","furniture","rightpredicate1","wooden",0.01,"material"
"711","vi. 36","desk","furniture","rightpredicate1","brown",0.99,"color"
"712","vi. 36","apple","food","rightpredicate1","short",0.99,"size"
"713","vi. 36","chair","furniture","rightpredicate1","red",0.99,"color"
"714","vi. 36","apple","food","rightpredicate1","big",0.99,"size"
"715","vi. 36","cheese","food","rightpredicate1","small",0.98,"size"
"716","vi. 36","couch","furniture","rightpredicate1","green",0.03,"color"
"717","vi. 36","couch","furniture","rightpredicate1","brown",0.01,"color"
"718","vi. 36","cheese","food","rightpredicate1","big",0.98,"size"
"719","vi. 36","couch","furniture","rightpredicate1","smooth",0.99,"texture"
"720","vi. 36","desk","furniture","rightpredicate1","good",1,"quality"
"721","vi. 36","cheese","food","rightpredicate1","plastic",0.98,"material"
"722","vi. 36","apple","food","rightpredicate1","plastic",0.01,"material"
"723","vi. 36","TV","furniture","rightpredicate1","round",0.02,"shape"
"724","vi. 36","cheese","food","rightpredicate1","rotten",0.98,"age"
"725","vi. 36","banana","food","rightpredicate1","rotten",0.02,"age"
"726","vi. 36","chair","furniture","rightpredicate1","fresh",0.98,"age"
"727","vi. 36","couch","furniture","rightpredicate1","soft",0.02,"texture"
"728","vi. 36","carrot","food","rightpredicate1","long",0.98,"size"
"729","vi. 38","fan","furniture","rightpredicate1","bad",1,"quality"
"730","vi. 38","TV","furniture","rightpredicate1","good",0.85,"quality"
"731","vi. 38","chair","furniture","rightpredicate1","bad",0.91,"quality"
"732","vi. 38","cheese","food","rightpredicate1","wooden",0.16,"material"
"733","vi. 38","TV","furniture","rightpredicate1","huge",0.9,"size"
"734","vi. 38","apple","food","rightpredicate1","old",0.0600000000000001,"age"
"735","vi. 38","banana","food","rightpredicate1","bad",1,"quality"
"736","vi. 38","tomato","food","rightpredicate1","big",1,"size"
"737","vi. 38","chair","furniture","rightpredicate1","round",1,"shape"
"738","vi. 38","chair","furniture","rightpredicate1","fresh",1,"age"
"739","vi. 38","cheese","food","rightpredicate1","fresh",1,"age"
"740","vi. 38","carrot","food","rightpredicate1","red",0.03,"color"
"741","vi. 38","banana","food","rightpredicate1","square",0.93,"shape"
"742","vi. 38","desk","furniture","rightpredicate1","wooden",0.05,"material"
"743","vi. 38","chair","furniture","rightpredicate1","new",0.94,"age"
"744","vi. 38","desk","furniture","rightpredicate1","big",0.93,"size"
"745","vi. 38","desk","furniture","rightpredicate1","plastic",0.04,"material"
"746","vi. 38","banana","food","rightpredicate1","long",0.94,"size"
"747","vi. 38","fan","furniture","rightpredicate1","square",0,"shape"
"748","vi. 38","TV","furniture","rightpredicate1","round",0.05,"shape"
"749","vi. 38","TV","furniture","rightpredicate1","long",0.94,"size"
"750","vi. 38","cheese","food","rightpredicate1","huge",0.95,"size"
"751","vi. 38","tomato","food","rightpredicate1","soft",0.92,"texture"
"752","vi. 38","desk","furniture","rightpredicate1","good",0.97,"quality"
"753","vi. 38","tomato","food","rightpredicate1","bad",0.96,"quality"
"754","vi. 38","desk","furniture","rightpredicate1","bad",0.94,"quality"
"755","vi. 42","TV","furniture","rightpredicate1","blue",0,"color"
"756","vi. 42","carrot","food","rightpredicate1","huge",1,"size"
"757","vi. 42","banana","food","rightpredicate1","brown",0,"color"
"758","vi. 42","desk","furniture","rightpredicate1","round",0,"shape"
"759","vi. 42","TV","furniture","rightpredicate1","long",0,"size"
"760","vi. 42","TV","furniture","rightpredicate1","small",0.96,"size"
"761","vi. 42","fan","furniture","rightpredicate1","fresh",0,"age"
"762","vi. 42","TV","furniture","rightpredicate1","square",0,"shape"
"763","vi. 42","desk","furniture","rightpredicate1","square",0,"shape"
"764","vi. 42","banana","food","rightpredicate1","short",1,"size"
"765","vi. 42","banana","food","rightpredicate1","good",1,"quality"
"766","vi. 42","desk","furniture","rightpredicate1","square",1,"shape"
"767","vi. 42","chair","furniture","rightpredicate1","plastic",1,"material"
"768","vi. 42","cheese","food","rightpredicate1","soft",0,"texture"
"769","vi. 42","fan","furniture","rightpredicate1","purple",0,"color"
"770","vi. 42","chair","furniture","rightpredicate1","brown",0,"color"
"771","vi. 42","fan","furniture","rightpredicate1","smooth",0.99,"texture"
"772","vi. 42","fan","furniture","rightpredicate1","old",1,"age"
"773","vi. 42","couch","furniture","rightpredicate1","old",0,"age"
"774","vi. 42","banana","food","rightpredicate1","hard",1,"texture"
"775","vi. 42","couch","furniture","rightpredicate1","fresh",1,"age"
"776","vi. 42","apple","food","rightpredicate1","round",0,"shape"
"777","vi. 42","fan","furniture","rightpredicate1","green",0,"color"
"778","vi. 42","couch","furniture","rightpredicate1","long",0,"size"
"779","vi. 42","TV","furniture","rightpredicate1","brown",0,"color"
"780","vi. 42","desk","furniture","rightpredicate1","hard",0,"texture"
"781","vi. 43","tomato","food","rightpredicate1","plastic",0,"material"
"782","vi. 43","fan","furniture","rightpredicate1","rotten",1,"age"
"783","vi. 43","tomato","food","rightpredicate1","purple",1,"color"
"784","vi. 43","desk","furniture","rightpredicate1","good",1,"quality"
"785","vi. 43","carrot","food","rightpredicate1","good",1,"quality"
"786","vi. 43","tomato","food","rightpredicate1","short",1,"size"
"787","vi. 43","TV","furniture","rightpredicate1","new",0,"age"
"788","vi. 43","carrot","food","rightpredicate1","blue",0,"color"
"789","vi. 43","couch","furniture","rightpredicate1","old",1,"age"
"790","vi. 43","cheese","food","rightpredicate1","soft",1,"texture"
"791","vi. 43","apple","food","rightpredicate1","rotten",1,"age"
"792","vi. 43","TV","furniture","rightpredicate1","smooth",1,"texture"
"793","vi. 43","cheese","food","rightpredicate1","green",1,"color"
"794","vi. 43","desk","furniture","rightpredicate1","hard",1,"texture"
"795","vi. 43","couch","furniture","rightpredicate1","purple",1,"color"
"796","vi. 43","carrot","food","rightpredicate1","rotten",1,"age"
"797","vi. 43","apple","food","rightpredicate1","small",0,"size"
"798","vi. 43","carrot","food","rightpredicate1","good",1,"quality"
"799","vi. 43","TV","furniture","rightpredicate1","green",0,"color"
"800","vi. 43","desk","furniture","rightpredicate1","fresh",1,"age"
"801","vi. 43","couch","furniture","rightpredicate1","yellow",0,"color"
"802","vi. 43","tomato","food","rightpredicate1","metal",1,"material"
"803","vi. 43","desk","furniture","rightpredicate1","purple",1,"color"
"804","vi. 43","couch","furniture","rightpredicate1","square",0,"shape"
"805","vi. 43","couch","furniture","rightpredicate1","square",1,"shape"
"806","vi. 43","fan","furniture","rightpredicate1","small",0,"size"
"807","vi. 44","tomato","food","rightpredicate1","soft",0.12,"texture"
"808","vi. 44","desk","furniture","rightpredicate1","bad",0.94,"quality"
"809","vi. 44","carrot","food","rightpredicate1","hard",0.95,"texture"
"810","vi. 44","carrot","food","rightpredicate1","plastic",0.9,"material"
"811","vi. 44","chair","furniture","rightpredicate1","red",0.03,"color"
"812","vi. 44","tomato","food","rightpredicate1","small",0.01,"size"
"813","vi. 44","carrot","food","rightpredicate1","huge",0.08,"size"
"814","vi. 44","banana","food","rightpredicate1","smooth",0.94,"texture"
"815","vi. 44","TV","furniture","rightpredicate1","good",0.95,"quality"
"816","vi. 44","tomato","food","rightpredicate1","green",0.97,"color"
"817","vi. 44","TV","furniture","rightpredicate1","new",0.0600000000000001,"age"
"818","vi. 44","tomato","food","rightpredicate1","small",0.03,"size"
"819","vi. 44","TV","furniture","rightpredicate1","wooden",0.97,"material"
"820","vi. 44","fan","furniture","rightpredicate1","blue",0.91,"color"
"821","vi. 44","carrot","food","rightpredicate1","new",0.0600000000000001,"age"
"822","vi. 44","apple","food","rightpredicate1","small",0.09,"size"
"823","vi. 44","chair","furniture","rightpredicate1","short",0.94,"size"
"824","vi. 44","carrot","food","rightpredicate1","good",0.11,"quality"
"825","vi. 44","chair","furniture","rightpredicate1","small",0.87,"size"
"826","vi. 44","cheese","food","rightpredicate1","huge",0.5,"size"
"827","vi. 44","couch","furniture","rightpredicate1","short",0.0700000000000001,"size"
"828","vi. 44","TV","furniture","rightpredicate1","round",0.45,"shape"
"829","vi. 44","tomato","food","rightpredicate1","fresh",0.51,"age"
"830","vi. 44","banana","food","rightpredicate1","huge",0.14,"size"
"831","vi. 44","cheese","food","rightpredicate1","fresh",0.78,"age"
"832","vi. 44","couch","furniture","rightpredicate1","bad",0.76,"quality"
"833","vi. 46","TV","furniture","rightpredicate1","red",0.05,"color"
"834","vi. 46","carrot","food","rightpredicate1","old",0.02,"age"
"835","vi. 46","chair","furniture","rightpredicate1","rotten",0.95,"age"
"836","vi. 46","chair","furniture","rightpredicate1","green",0.5,"color"
"837","vi. 46","apple","food","rightpredicate1","fresh",0.51,"age"
"838","vi. 46","apple","food","rightpredicate1","good",0.49,"quality"
"839","vi. 46","desk","furniture","rightpredicate1","metal",0.0700000000000001,"material"
"840","vi. 46","TV","furniture","rightpredicate1","rotten",0.51,"age"
"841","vi. 46","carrot","food","rightpredicate1","hard",0.04,"texture"
"842","vi. 46","apple","food","rightpredicate1","metal",0.48,"material"
"843","vi. 46","chair","furniture","rightpredicate1","square",0.51,"shape"
"844","vi. 46","TV","furniture","rightpredicate1","round",0.97,"shape"
"845","vi. 46","tomato","food","rightpredicate1","green",0.04,"color"
"846","vi. 46","fan","furniture","rightpredicate1","big",0.03,"size"
"847","vi. 46","apple","food","rightpredicate1","metal",0.49,"material"
"848","vi. 46","fan","furniture","rightpredicate1","short",0.48,"size"
"849","vi. 46","couch","furniture","rightpredicate1","purple",0.91,"color"
"850","vi. 46","TV","furniture","rightpredicate1","yellow",0.5,"color"
"851","vi. 46","banana","food","rightpredicate1","metal",0.48,"material"
"852","vi. 46","banana","food","rightpredicate1","blue",0.51,"color"
"853","vi. 46","tomato","food","rightpredicate1","yellow",0.48,"color"
"854","vi. 46","apple","food","rightpredicate1","rotten",0.03,"age"
"855","vi. 46","carrot","food","rightpredicate1","new",0.01,"age"
"856","vi. 46","banana","food","rightpredicate1","purple",0.95,"color"
"857","vi. 46","carrot","food","rightpredicate1","big",0.49,"size"
"858","vi. 46","cheese","food","rightpredicate1","round",0.48,"shape"
"859","vi. 48","cheese","food","rightpredicate1","short",1,"size"
"860","vi. 48","chair","furniture","rightpredicate1","purple",0,"color"
"861","vi. 48","tomato","food","rightpredicate1","bad",1,"quality"
"862","vi. 48","carrot","food","rightpredicate1","plastic",0,"material"
"863","vi. 48","desk","furniture","rightpredicate1","huge",1,"size"
"864","vi. 48","desk","furniture","rightpredicate1","fresh",1,"age"
"865","vi. 48","cheese","food","rightpredicate1","smooth",1,"texture"
"866","vi. 48","chair","furniture","rightpredicate1","yellow",0,"color"
"867","vi. 48","desk","furniture","rightpredicate1","hard",1,"texture"
"868","vi. 48","fan","furniture","rightpredicate1","metal",0,"material"
"869","vi. 48","desk","furniture","rightpredicate1","blue",1,"color"
"870","vi. 48","desk","furniture","rightpredicate1","old",1,"age"
"871","vi. 48","desk","furniture","rightpredicate1","rotten",1,"age"
"872","vi. 48","TV","furniture","rightpredicate1","long",1,"size"
"873","vi. 48","carrot","food","rightpredicate1","soft",0,"texture"
"874","vi. 48","carrot","food","rightpredicate1","old",1,"age"
"875","vi. 48","chair","furniture","rightpredicate1","square",0,"shape"
"876","vi. 48","apple","food","rightpredicate1","purple",1,"color"
"877","vi. 48","apple","food","rightpredicate1","good",0.4,"quality"
"878","vi. 48","desk","furniture","rightpredicate1","plastic",0,"material"
"879","vi. 48","apple","food","rightpredicate1","good",1,"quality"
"880","vi. 48","banana","food","rightpredicate1","purple",0,"color"
"881","vi. 48","carrot","food","rightpredicate1","metal",0,"material"
"882","vi. 48","cheese","food","rightpredicate1","red",0,"color"
"883","vi. 48","couch","furniture","rightpredicate1","blue",0,"color"
"884","vi. 48","fan","furniture","rightpredicate1","soft",1,"texture"
"885","vi. 60","TV","furniture","rightpredicate1","yellow",1,"color"
"886","vi. 60","apple","food","rightpredicate1","big",0.97,"size"
"887","vi. 60","carrot","food","rightpredicate1","bad",0.97,"quality"
"888","vi. 60","fan","furniture","rightpredicate1","soft",0.96,"texture"
"889","vi. 60","tomato","food","rightpredicate1","smooth",0.98,"texture"
"890","vi. 60","desk","furniture","rightpredicate1","wooden",0.01,"material"
"891","vi. 60","tomato","food","rightpredicate1","red",0.97,"color"
"892","vi. 60","couch","furniture","rightpredicate1","small",0.01,"size"
"893","vi. 60","banana","food","rightpredicate1","old",0.97,"age"
"894","vi. 60","apple","food","rightpredicate1","fresh",0.04,"age"
"895","vi. 60","couch","furniture","rightpredicate1","plastic",0.01,"material"
"896","vi. 60","TV","furniture","rightpredicate1","bad",0,"quality"
"897","vi. 60","carrot","food","rightpredicate1","brown",0.03,"color"
"898","vi. 60","desk","furniture","rightpredicate1","rotten",0.99,"age"
"899","vi. 60","cheese","food","rightpredicate1","green",0.95,"color"
"900","vi. 60","banana","food","rightpredicate1","smooth",0.97,"texture"
"901","vi. 60","banana","food","rightpredicate1","blue",0.94,"color"
"902","vi. 60","fan","furniture","rightpredicate1","big",0.96,"size"
"903","vi. 60","chair","furniture","rightpredicate1","small",0.03,"size"
"904","vi. 60","carrot","food","rightpredicate1","wooden",0.03,"material"
"905","vi. 60","apple","food","rightpredicate1","long",0.0600000000000001,"size"
"906","vi. 60","banana","food","rightpredicate1","yellow",0.93,"color"
"907","vi. 60","cheese","food","rightpredicate1","big",0.04,"size"
"908","vi. 60","chair","furniture","rightpredicate1","good",0.97,"quality"
"909","vi. 60","chair","furniture","rightpredicate1","yellow",0.03,"color"
"910","vi. 60","TV","furniture","rightpredicate1","good",0.97,"quality"
"911","vi. 62","apple","food","rightpredicate1","round",0.19,"shape"
"912","vi. 62","banana","food","rightpredicate1","fresh",0.81,"age"
"913","vi. 62","carrot","food","rightpredicate1","good",0.87,"quality"
"914","vi. 62","TV","furniture","rightpredicate1","big",0.0700000000000001,"size"
"915","vi. 62","chair","furniture","rightpredicate1","soft",0.7,"texture"
"916","vi. 62","couch","furniture","rightpredicate1","square",0.91,"shape"
"917","vi. 62","tomato","food","rightpredicate1","round",0.08,"shape"
"918","vi. 62","carrot","food","rightpredicate1","old",0.16,"age"
"919","vi. 62","desk","furniture","rightpredicate1","smooth",0.8,"texture"
"920","vi. 62","desk","furniture","rightpredicate1","green",0.8,"color"
"921","vi. 62","carrot","food","rightpredicate1","metal",0.15,"material"
"922","vi. 62","couch","furniture","rightpredicate1","short",0.81,"size"
"923","vi. 62","carrot","food","rightpredicate1","rotten",0.82,"age"
"924","vi. 62","cheese","food","rightpredicate1","hard",0.21,"texture"
"925","vi. 62","fan","furniture","rightpredicate1","yellow",0.33,"color"
"926","vi. 62","couch","furniture","rightpredicate1","yellow",0.76,"color"
"927","vi. 62","TV","furniture","rightpredicate1","rotten",0.72,"age"
"928","vi. 62","couch","furniture","rightpredicate1","short",0.8,"size"
"929","vi. 62","cheese","food","rightpredicate1","smooth",0.78,"texture"
"930","vi. 62","apple","food","rightpredicate1","square",0.18,"shape"
"931","vi. 62","fan","furniture","rightpredicate1","soft",0.69,"texture"
"932","vi. 62","cheese","food","rightpredicate1","short",0.61,"size"
"933","vi. 62","desk","furniture","rightpredicate1","blue",0.4,"color"
"934","vi. 62","carrot","food","rightpredicate1","plastic",0.62,"material"
"935","vi. 62","fan","furniture","rightpredicate1","long",0.26,"size"
"936","vi. 62","TV","furniture","rightpredicate1","plastic",0.15,"material"
"937","vi. 68","banana","food","rightpredicate1","yellow",0.1,"color"
"938","vi. 68","couch","furniture","rightpredicate1","small",0.0700000000000001,"size"
"939","vi. 68","chair","furniture","rightpredicate1","yellow",0.0600000000000001,"color"
"940","vi. 68","fan","furniture","rightpredicate1","old",0.93,"age"
"941","vi. 68","banana","food","rightpredicate1","metal",0.0700000000000001,"material"
"942","vi. 68","fan","furniture","rightpredicate1","smooth",0.9,"texture"
"943","vi. 68","chair","furniture","rightpredicate1","yellow",0.05,"color"
"944","vi. 68","fan","furniture","rightpredicate1","square",0.05,"shape"
"945","vi. 68","TV","furniture","rightpredicate1","square",0.9,"shape"
"946","vi. 68","tomato","food","rightpredicate1","small",0.05,"size"
"947","vi. 68","chair","furniture","rightpredicate1","blue",0.0700000000000001,"color"
"948","vi. 68","tomato","food","rightpredicate1","plastic",0.89,"material"
"949","vi. 68","TV","furniture","rightpredicate1","big",0.94,"size"
"950","vi. 68","fan","furniture","rightpredicate1","plastic",0.05,"material"
"951","vi. 68","fan","furniture","rightpredicate1","square",0.96,"shape"
"952","vi. 68","couch","furniture","rightpredicate1","purple",0.0600000000000001,"color"
"953","vi. 68","desk","furniture","rightpredicate1","long",0.05,"size"
"954","vi. 68","cheese","food","rightpredicate1","big",0.94,"size"
"955","vi. 68","cheese","food","rightpredicate1","plastic",0.94,"material"
"956","vi. 68","cheese","food","rightpredicate1","plastic",0.0600000000000001,"material"
"957","vi. 68","TV","furniture","rightpredicate1","bad",0.08,"quality"
"958","vi. 68","carrot","food","rightpredicate1","big",0.94,"size"
"959","vi. 68","chair","furniture","rightpredicate1","hard",0.0700000000000001,"texture"
"960","vi. 68","couch","furniture","rightpredicate1","yellow",0.0700000000000001,"color"
"961","vi. 68","tomato","food","rightpredicate1","hard",0.9,"texture"
"962","vi. 68","banana","food","rightpredicate1","old",0.91,"age"
"963","vi. 72","tomato","food","rightpredicate1","square",0.81,"shape"
"964","vi. 72","chair","furniture","rightpredicate1","short",0.14,"size"
"965","vi. 72","tomato","food","rightpredicate1","round",0.31,"shape"
"966","vi. 72","carrot","food","rightpredicate1","big",0.32,"size"
"967","vi. 72","couch","furniture","rightpredicate1","brown",0.21,"color"
"968","vi. 72","cheese","food","rightpredicate1","purple",0.17,"color"
"969","vi. 72","tomato","food","rightpredicate1","wooden",0.18,"material"
"970","vi. 72","apple","food","rightpredicate1","long",0.24,"size"
"971","vi. 72","fan","furniture","rightpredicate1","hard",0.2,"texture"
"972","vi. 72","apple","food","rightpredicate1","big",0.26,"size"
"973","vi. 72","banana","food","rightpredicate1","wooden",0.26,"material"
"974","vi. 72","desk","furniture","rightpredicate1","square",0.22,"shape"
"975","vi. 72","cheese","food","rightpredicate1","plastic",0.23,"material"
"976","vi. 72","couch","furniture","rightpredicate1","brown",0.24,"color"
"977","vi. 72","tomato","food","rightpredicate1","blue",0.21,"color"
"978","vi. 72","desk","furniture","rightpredicate1","metal",0.22,"material"
"979","vi. 72","apple","food","rightpredicate1","blue",0.31,"color"
"980","vi. 72","fan","furniture","rightpredicate1","brown",0.23,"color"
"981","vi. 72","cheese","food","rightpredicate1","plastic",0.21,"material"
"982","vi. 72","chair","furniture","rightpredicate1","wooden",0.25,"material"
"983","vi. 72","cheese","food","rightpredicate1","good",0.63,"quality"
"984","vi. 72","tomato","food","rightpredicate1","bad",0.72,"quality"
"985","vi. 72","TV","furniture","rightpredicate1","short",0.26,"size"
"986","vi. 72","cheese","food","rightpredicate1","fresh",0.2,"age"
"987","vi. 72","tomato","food","rightpredicate1","rotten",0.75,"age"
"988","vi. 72","banana","food","rightpredicate1","round",0.21,"shape"
"989","vi. 76","couch","furniture","rightpredicate1","soft",0.78,"texture"
"990","vi. 76","chair","furniture","rightpredicate1","red",0.17,"color"
"991","vi. 76","TV","furniture","rightpredicate1","small",0.85,"size"
"992","vi. 76","chair","furniture","rightpredicate1","good",0.6,"quality"
"993","vi. 76","fan","furniture","rightpredicate1","brown",0.32,"color"
"994","vi. 76","desk","furniture","rightpredicate1","purple",0.19,"color"
"995","vi. 76","fan","furniture","rightpredicate1","red",0.72,"color"
"996","vi. 76","couch","furniture","rightpredicate1","wooden",0.18,"material"
"997","vi. 76","carrot","food","rightpredicate1","rotten",0.23,"age"
"998","vi. 76","apple","food","rightpredicate1","yellow",0.75,"color"
"999","vi. 76","apple","food","rightpredicate1","good",0.41,"quality"
"1000","vi. 76","carrot","food","rightpredicate1","purple",0.32,"color"
"1001","vi. 76","apple","food","rightpredicate1","yellow",0.3,"color"
"1002","vi. 76","banana","food","rightpredicate1","green",0.52,"color"
"1003","vi. 76","fan","furniture","rightpredicate1","small",0.68,"size"
"1004","vi. 76","couch","furniture","rightpredicate1","hard",0.71,"texture"
"1005","vi. 76","banana","food","rightpredicate1","purple",0.38,"color"
"1006","vi. 76","desk","furniture","rightpredicate1","yellow",0.4,"color"
"1007","vi. 76","tomato","food","rightpredicate1","bad",0.67,"quality"
"1008","vi. 76","desk","furniture","rightpredicate1","rotten",0.68,"age"
"1009","vi. 76","cheese","food","rightpredicate1","square",0.9,"shape"
"1010","vi. 76","desk","furniture","rightpredicate1","soft",0.73,"texture"
"1011","vi. 76","TV","furniture","rightpredicate1","soft",0.28,"texture"
"1012","vi. 76","apple","food","rightpredicate1","bad",0.35,"quality"
"1013","vi. 76","tomato","food","rightpredicate1","green",0.79,"color"
"1014","vi. 76","couch","furniture","rightpredicate1","short",0.7,"size"
"1015","vi. 81","couch","furniture","rightpredicate1","short",1,"size"
"1016","vi. 81","fan","furniture","rightpredicate1","bad",1,"quality"
"1017","vi. 81","TV","furniture","rightpredicate1","brown",1,"color"
"1018","vi. 81","chair","furniture","rightpredicate1","square",0,"shape"
"1019","vi. 81","banana","food","rightpredicate1","red",1,"color"
"1020","vi. 81","TV","furniture","rightpredicate1","round",1,"shape"
"1021","vi. 81","desk","furniture","rightpredicate1","old",1,"age"
"1022","vi. 81","apple","food","rightpredicate1","metal",0,"material"
"1023","vi. 81","chair","furniture","rightpredicate1","yellow",0,"color"
"1024","vi. 81","cheese","food","rightpredicate1","brown",0,"color"
"1025","vi. 81","desk","furniture","rightpredicate1","smooth",1,"texture"
"1026","vi. 81","cheese","food","rightpredicate1","yellow",0,"color"
"1027","vi. 81","fan","furniture","rightpredicate1","long",0,"size"
"1028","vi. 81","tomato","food","rightpredicate1","old",0,"age"
"1029","vi. 81","apple","food","rightpredicate1","green",0,"color"
"1030","vi. 81","cheese","food","rightpredicate1","big",1,"size"
"1031","vi. 81","apple","food","rightpredicate1","small",0,"size"
"1032","vi. 81","TV","furniture","rightpredicate1","metal",0,"material"
"1033","vi. 81","apple","food","rightpredicate1","round",0,"shape"
"1034","vi. 81","apple","food","rightpredicate1","fresh",1,"age"
"1035","vi. 81","apple","food","rightpredicate1","smooth",0,"texture"
"1036","vi. 81","TV","furniture","rightpredicate1","purple",0,"color"
"1037","vi. 81","carrot","food","rightpredicate1","blue",0,"color"
"1038","vi. 81","chair","furniture","rightpredicate1","blue",0,"color"
"1039","vi. 81","carrot","food","rightpredicate1","rotten",1,"age"
"1040","vi. 81","chair","furniture","rightpredicate1","long",1,"size"
"1041","vi. 89","cheese","food","rightpredicate1","rotten",0.88,"age"
"1042","vi. 89","tomato","food","rightpredicate1","big",0.85,"size"
"1043","vi. 89","banana","food","rightpredicate1","red",0.0700000000000001,"color"
"1044","vi. 89","banana","food","rightpredicate1","old",0.18,"age"
"1045","vi. 89","chair","furniture","rightpredicate1","wooden",0.12,"material"
"1046","vi. 89","couch","furniture","rightpredicate1","huge",0.76,"size"
"1047","vi. 89","apple","food","rightpredicate1","purple",0.45,"color"
"1048","vi. 89","cheese","food","rightpredicate1","square",0.65,"shape"
"1049","vi. 89","cheese","food","rightpredicate1","purple",0.42,"color"
"1050","vi. 89","couch","furniture","rightpredicate1","fresh",0.63,"age"
"1051","vi. 89","chair","furniture","rightpredicate1","long",0.5,"size"
"1052","vi. 89","chair","furniture","rightpredicate1","fresh",0.55,"age"
"1053","vi. 89","chair","furniture","rightpredicate1","long",0.75,"size"
"1054","vi. 89","tomato","food","rightpredicate1","hard",0.67,"texture"
"1055","vi. 89","TV","furniture","rightpredicate1","bad",0.74,"quality"
"1056","vi. 89","desk","furniture","rightpredicate1","brown",0.67,"color"
"1057","vi. 89","TV","furniture","rightpredicate1","hard",0.49,"texture"
"1058","vi. 89","couch","furniture","rightpredicate1","brown",0.75,"color"
"1059","vi. 89","tomato","food","rightpredicate1","round",0.42,"shape"
"1060","vi. 89","apple","food","rightpredicate1","metal",0.74,"material"
"1061","vi. 89","banana","food","rightpredicate1","good",0.42,"quality"
"1062","vi. 89","tomato","food","rightpredicate1","rotten",0.77,"age"
"1063","vi. 89","cheese","food","rightpredicate1","wooden",0.61,"material"
"1064","vi. 89","fan","furniture","rightpredicate1","bad",0.43,"quality"
"1065","vi. 89","couch","furniture","rightpredicate1","round",0.63,"shape"
"1066","vi. 89","desk","furniture","rightpredicate1","green",0.59,"color"
"1067","vi. 92","apple","food","rightpredicate1","long",0.88,"size"
"1068","vi. 92","apple","food","rightpredicate1","huge",0.97,"size"
"1069","vi. 92","desk","furniture","rightpredicate1","round",0.34,"shape"
"1070","vi. 92","tomato","food","rightpredicate1","yellow",0.1,"color"
"1071","vi. 92","tomato","food","rightpredicate1","metal",0.1,"material"
"1072","vi. 92","banana","food","rightpredicate1","old",0.09,"age"
"1073","vi. 92","banana","food","rightpredicate1","wooden",0.1,"material"
"1074","vi. 92","fan","furniture","rightpredicate1","big",0.08,"size"
"1075","vi. 92","carrot","food","rightpredicate1","fresh",0.5,"age"
"1076","vi. 92","TV","furniture","rightpredicate1","new",0.12,"age"
"1077","vi. 92","TV","furniture","rightpredicate1","blue",0.1,"color"
"1078","vi. 92","TV","furniture","rightpredicate1","yellow",0.09,"color"
"1079","vi. 92","desk","furniture","rightpredicate1","new",0.0600000000000001,"age"
"1080","vi. 92","desk","furniture","rightpredicate1","red",0.14,"color"
"1081","vi. 92","carrot","food","rightpredicate1","wooden",0.54,"material"
"1082","vi. 92","apple","food","rightpredicate1","round",0.87,"shape"
"1083","vi. 92","carrot","food","rightpredicate1","purple",0.88,"color"
"1084","vi. 92","desk","furniture","rightpredicate1","blue",0.11,"color"
"1085","vi. 92","tomato","food","rightpredicate1","soft",0.0600000000000001,"texture"
"1086","vi. 92","apple","food","rightpredicate1","wooden",0.42,"material"
"1087","vi. 92","apple","food","rightpredicate1","square",0.18,"shape"
"1088","vi. 92","desk","furniture","rightpredicate1","smooth",0.11,"texture"
"1089","vi. 92","chair","furniture","rightpredicate1","yellow",0.1,"color"
"1090","vi. 92","tomato","food","rightpredicate1","metal",0.22,"material"
"1091","vi. 92","fan","furniture","rightpredicate1","rotten",0.12,"age"
"1092","vi. 92","chair","furniture","rightpredicate1","smooth",0.88,"texture"
"1093","vi. 100","TV","furniture","rightpredicate1","soft",1,"texture"
"1094","vi. 100","carrot","food","rightpredicate1","smooth",1,"texture"
"1095","vi. 100","TV","furniture","rightpredicate1","soft",1,"texture"
"1096","vi. 100","desk","furniture","rightpredicate1","metal",0,"material"
"1097","vi. 100","cheese","food","rightpredicate1","rotten",1,"age"
"1098","vi. 100","tomato","food","rightpredicate1","bad",0,"quality"
"1099","vi. 100","TV","furniture","rightpredicate1","red",0,"color"
"1100","vi. 100","chair","furniture","rightpredicate1","brown",0,"color"
"1101","vi. 100","TV","furniture","rightpredicate1","square",1,"shape"
"1102","vi. 100","apple","food","rightpredicate1","good",0,"quality"
"1103","vi. 100","carrot","food","rightpredicate1","long",1,"size"
"1104","vi. 100","couch","furniture","rightpredicate1","green",0,"color"
"1105","vi. 100","couch","furniture","rightpredicate1","blue",0,"color"
"1106","vi. 100","desk","furniture","rightpredicate1","bad",0.52,"quality"
"1107","vi. 100","chair","furniture","rightpredicate1","purple",0,"color"
"1108","vi. 100","desk","furniture","rightpredicate1","small",1,"size"
"1109","vi. 100","apple","food","rightpredicate1","huge",1,"size"
"1110","vi. 100","TV","furniture","rightpredicate1","hard",1,"texture"
"1111","vi. 100","desk","furniture","rightpredicate1","metal",1,"material"
"1112","vi. 100","TV","furniture","rightpredicate1","blue",0,"color"
"1113","vi. 100","chair","furniture","rightpredicate1","old",1,"age"
"1114","vi. 100","desk","furniture","rightpredicate1","wooden",0,"material"
"1115","vi. 100","TV","furniture","rightpredicate1","square",1,"shape"
"1116","vi. 100","cheese","food","rightpredicate1","green",0,"color"
"1117","vi. 100","fan","furniture","rightpredicate1","good",0.51,"quality"
"1118","vi. 100","cheese","food","rightpredicate1","wooden",0,"material"
"1119","vi. 108","couch","furniture","rightpredicate1","old",0.0600000000000001,"age"
"1120","vi. 108","cheese","food","rightpredicate1","small",1,"size"
"1121","vi. 108","cheese","food","rightpredicate1","fresh",0.02,"age"
"1122","vi. 108","TV","furniture","rightpredicate1","yellow",0.03,"color"
"1123","vi. 108","tomato","food","rightpredicate1","big",0,"size"
"1124","vi. 108","desk","furniture","rightpredicate1","bad",0.04,"quality"
"1125","vi. 108","cheese","food","rightpredicate1","short",0.97,"size"
"1126","vi. 108","desk","furniture","rightpredicate1","purple",0.03,"color"
"1127","vi. 108","TV","furniture","rightpredicate1","new",0.99,"age"
"1128","vi. 108","carrot","food","rightpredicate1","brown",0.04,"color"
"1129","vi. 108","banana","food","rightpredicate1","round",0.03,"shape"
"1130","vi. 108","fan","furniture","rightpredicate1","brown",0.05,"color"
"1131","vi. 108","banana","food","rightpredicate1","round",0.05,"shape"
"1132","vi. 108","chair","furniture","rightpredicate1","blue",0.98,"color"
"1133","vi. 108","tomato","food","rightpredicate1","old",0.04,"age"
"1134","vi. 108","banana","food","rightpredicate1","round",0.97,"shape"
"1135","vi. 108","desk","furniture","rightpredicate1","old",0.99,"age"
"1136","vi. 108","desk","furniture","rightpredicate1","wooden",0.02,"material"
"1137","vi. 108","banana","food","rightpredicate1","round",0.79,"shape"
"1138","vi. 108","TV","furniture","rightpredicate1","round",0.7,"shape"
"1139","vi. 108","banana","food","rightpredicate1","rotten",0.64,"age"
"1140","vi. 108","couch","furniture","rightpredicate1","old",0.9,"age"
"1141","vi. 108","banana","food","rightpredicate1","hard",0.2,"texture"
"1142","vi. 108","banana","food","rightpredicate1","huge",0.2,"size"
"1143","vi. 108","TV","furniture","rightpredicate1","brown",0,"color"
"1144","vi. 108","banana","food","rightpredicate1","short",0.23,"size"
"1145","vi. 109","fan","furniture","rightpredicate1","square",0.1,"shape"
"1146","vi. 109","desk","furniture","rightpredicate1","blue",0.02,"color"
"1147","vi. 109","carrot","food","rightpredicate1","red",0.03,"color"
"1148","vi. 109","carrot","food","rightpredicate1","long",0.98,"size"
"1149","vi. 109","tomato","food","rightpredicate1","good",0.0600000000000001,"quality"
"1150","vi. 109","tomato","food","rightpredicate1","smooth",0.03,"texture"
"1151","vi. 109","fan","furniture","rightpredicate1","long",0.97,"size"
"1152","vi. 109","apple","food","rightpredicate1","hard",0.02,"texture"
"1153","vi. 109","desk","furniture","rightpredicate1","old",0.09,"age"
"1154","vi. 109","desk","furniture","rightpredicate1","bad",0.93,"quality"
"1155","vi. 109","TV","furniture","rightpredicate1","brown",0.05,"color"
"1156","vi. 109","carrot","food","rightpredicate1","blue",0.02,"color"
"1157","vi. 109","tomato","food","rightpredicate1","long",0.96,"size"
"1158","vi. 109","apple","food","rightpredicate1","plastic",0.05,"material"
"1159","vi. 109","TV","furniture","rightpredicate1","yellow",0.05,"color"
"1160","vi. 109","fan","furniture","rightpredicate1","small",0.03,"size"
"1161","vi. 109","couch","furniture","rightpredicate1","rotten",0.93,"age"
"1162","vi. 109","apple","food","rightpredicate1","blue",0.09,"color"
"1163","vi. 109","carrot","food","rightpredicate1","good",0.92,"quality"
"1164","vi. 109","desk","furniture","rightpredicate1","blue",0.0700000000000001,"color"
"1165","vi. 109","banana","food","rightpredicate1","big",0.05,"size"
"1166","vi. 109","apple","food","rightpredicate1","blue",0.04,"color"
"1167","vi. 109","fan","furniture","rightpredicate1","wooden",0.02,"material"
"1168","vi. 109","TV","furniture","rightpredicate1","huge",1,"size"
"1169","vi. 109","apple","food","rightpredicate1","round",0.98,"shape"
"1170","vi. 109","carrot","food","rightpredicate1","smooth",0.97,"texture"
"1171","vi. 124","desk","furniture","rightpredicate1","good",0.91,"quality"
"1172","vi. 124","tomato","food","rightpredicate1","bad",0.08,"quality"
"1173","vi. 124","fan","furniture","rightpredicate1","long",0.83,"size"
"1174","vi. 124","chair","furniture","rightpredicate1","good",0.65,"quality"
"1175","vi. 124","TV","furniture","rightpredicate1","soft",0.66,"texture"
"1176","vi. 124","tomato","food","rightpredicate1","round",0.6,"shape"
"1177","vi. 124","desk","furniture","rightpredicate1","smooth",0.68,"texture"
"1178","vi. 124","cheese","food","rightpredicate1","bad",0.58,"quality"
"1179","vi. 124","banana","food","rightpredicate1","round",0.29,"shape"
"1180","vi. 124","carrot","food","rightpredicate1","rotten",0.38,"age"
"1181","vi. 124","desk","furniture","rightpredicate1","blue",0.5,"color"
"1182","vi. 124","apple","food","rightpredicate1","brown",0.68,"color"
"1183","vi. 124","cheese","food","rightpredicate1","square",0.38,"shape"
"1184","vi. 124","banana","food","rightpredicate1","blue",0.4,"color"
"1185","vi. 124","chair","furniture","rightpredicate1","red",0.68,"color"
"1186","vi. 124","carrot","food","rightpredicate1","square",0.57,"shape"
"1187","vi. 124","TV","furniture","rightpredicate1","small",0.62,"size"
"1188","vi. 124","cheese","food","rightpredicate1","new",0.44,"age"
"1189","vi. 124","carrot","food","rightpredicate1","smooth",0.42,"texture"
"1190","vi. 124","cheese","food","rightpredicate1","blue",0.31,"color"
"1191","vi. 124","couch","furniture","rightpredicate1","red",0.37,"color"
"1192","vi. 124","apple","food","rightpredicate1","plastic",0.39,"material"
"1193","vi. 124","desk","furniture","rightpredicate1","green",0.42,"color"
"1194","vi. 124","cheese","food","rightpredicate1","bad",0.61,"quality"
"1195","vi. 124","tomato","food","rightpredicate1","long",0.31,"size"
"1196","vi. 124","desk","furniture","rightpredicate1","smooth",0.28,"texture"
"1197","vi. 125","couch","furniture","rightpredicate1","big",0.79,"size"
"1198","vi. 125","carrot","food","rightpredicate1","wooden",0.18,"material"
"1199","vi. 125","carrot","food","rightpredicate1","purple",0.15,"color"
"1200","vi. 125","desk","furniture","rightpredicate1","old",0.48,"age"
"1201","vi. 125","tomato","food","rightpredicate1","small",0.8,"size"
"1202","vi. 125","banana","food","rightpredicate1","old",0.85,"age"
"1203","vi. 125","cheese","food","rightpredicate1","wooden",1,"material"
"1204","vi. 125","desk","furniture","rightpredicate1","fresh",1,"age"
"1205","vi. 125","cheese","food","rightpredicate1","square",0,"shape"
"1206","vi. 125","banana","food","rightpredicate1","smooth",0.66,"texture"
"1207","vi. 125","apple","food","rightpredicate1","long",0.75,"size"
"1208","vi. 125","fan","furniture","rightpredicate1","rotten",0.79,"age"
"1209","vi. 125","tomato","food","rightpredicate1","red",0.19,"color"
"1210","vi. 125","banana","food","rightpredicate1","purple",0.5,"color"
"1211","vi. 125","cheese","food","rightpredicate1","plastic",0.35,"material"
"1212","vi. 125","fan","furniture","rightpredicate1","brown",0.76,"color"
"1213","vi. 125","tomato","food","rightpredicate1","new",0.8,"age"
"1214","vi. 125","chair","furniture","rightpredicate1","rotten",0.79,"age"
"1215","vi. 125","chair","furniture","rightpredicate1","big",1,"size"
"1216","vi. 125","fan","furniture","rightpredicate1","yellow",0.88,"color"
"1217","vi. 125","couch","furniture","rightpredicate1","green",0.49,"color"
"1218","vi. 125","chair","furniture","rightpredicate1","round",0.51,"shape"
"1219","vi. 125","TV","furniture","rightpredicate1","soft",0.49,"texture"
"1220","vi. 125","apple","food","rightpredicate1","rotten",0.87,"age"
"1221","vi. 125","carrot","food","rightpredicate1","rotten",0.76,"age"
"1222","vi. 125","banana","food","rightpredicate1","round",0.67,"shape"
"1223","vi. 134","banana","food","rightpredicate1","plastic",1,"material"
"1224","vi. 134","apple","food","rightpredicate1","huge",1,"size"
"1225","vi. 134","fan","furniture","rightpredicate1","short",1,"size"
"1226","vi. 134","chair","furniture","rightpredicate1","huge",1,"size"
"1227","vi. 134","carrot","food","rightpredicate1","purple",1,"color"
"1228","vi. 134","couch","furniture","rightpredicate1","new",1,"age"
"1229","vi. 134","desk","furniture","rightpredicate1","short",1,"size"
"1230","vi. 134","desk","furniture","rightpredicate1","brown",1,"color"
"1231","vi. 134","cheese","food","rightpredicate1","good",1,"quality"
"1232","vi. 134","chair","furniture","rightpredicate1","new",1,"age"
"1233","vi. 134","TV","furniture","rightpredicate1","big",1,"size"
"1234","vi. 134","TV","furniture","rightpredicate1","old",1,"age"
"1235","vi. 134","tomato","food","rightpredicate1","smooth",1,"texture"
"1236","vi. 134","fan","furniture","rightpredicate1","smooth",0.98,"texture"
"1237","vi. 134","fan","furniture","rightpredicate1","wooden",1,"material"
"1238","vi. 134","banana","food","rightpredicate1","yellow",0,"color"
"1239","vi. 134","carrot","food","rightpredicate1","metal",0,"material"
"1240","vi. 134","carrot","food","rightpredicate1","new",0,"age"
"1241","vi. 134","carrot","food","rightpredicate1","metal",0,"material"
"1242","vi. 134","banana","food","rightpredicate1","yellow",0,"color"
"1243","vi. 134","desk","furniture","rightpredicate1","metal",1,"material"
"1244","vi. 134","carrot","food","rightpredicate1","small",1,"size"
"1245","vi. 134","cheese","food","rightpredicate1","small",1,"size"
"1246","vi. 134","fan","furniture","rightpredicate1","blue",1,"color"
"1247","vi. 134","cheese","food","rightpredicate1","plastic",1,"material"
"1248","vi. 134","TV","furniture","rightpredicate1","hard",1,"texture"
